{"cameraMode":{"drawMode":0,"name":"Shaded","section":"Shading Mode"},"sceneLighting":false,"audioPlay":false,"sceneViewState":{"m_AlwaysRefresh":false,"showFog":true,"showSkybox":false,"showFlares":true,"showImageEffects":true,"showParticleSystems":true,"showVisualEffectGraphs":true,"m_FxEnabled":true},"in2DMode":false,"pivot":{"x":526.715087890625,"y":292.44842529296877,"z":-19.389314651489259},"rotation":{"x":-0.15415576100349427,"y":-0.02163958176970482,"z":0.0033768259454518558,"w":-0.9878064393997192},"size":0.8538111448287964,"orthographic":false}